{"done": true, "phase_1": true, "phase_2": true, "timestep": [10000000, 200000000], "accepted_moves": [6989396, 155526308], "rejected_moves": [3010604, 44473692], "acceptance_ratio": [0.6989396, 0.77763154], "tps": [2149.973, 2121.4625], "energy": [2231801.106652786, 32135439606529.4], "L": 14.14213562373095}