{"done": true, "timestep": [20000000, 20000000], "accepted_moves": [17718211, 15249050], "rejected_moves": [2281789, 4750950], "acceptance_ratio": [0.88591055, 0.7624525], "tps": [4125.861, 4076.1935], "energy": [-32.61923916246394, -56.23616516208065], "phase_1": true, "phase_2": true, "L": 22.360679774997898}