{"done": true, "timestep": [20000000, 20000000], "accepted_moves": [15110971, 5472017], "rejected_moves": [4889029, 14527983], "acceptance_ratio": [0.75554855, 0.27360085], "tps": [2729.164, 2443.8065], "energy": [8.008146500600684, -195.8400124988347], "phase_1": true, "phase_2": true, "L": 15.811388300841896}