{"done": true, "timestep": [20000000, 20000000], "accepted_moves": [15110971, 11574464], "rejected_moves": [4889029, 8425536], "acceptance_ratio": [0.75554855, 0.5787232], "tps": [2692.277, 2663.8575], "energy": [8.008146500600684, -103.42846330985317], "phase_1": true, "phase_2": true, "L": 15.811388300841896}