{"done": true, "timestep": [20000000, 20000000], "accepted_moves": [18313173, 17317454], "rejected_moves": [1686827, 2682546], "acceptance_ratio": [0.91565865, 0.8658727], "tps": [4665.579, 4630.802], "energy": [-5.7688646609075676, -38.23837465269173], "phase_1": true, "phase_2": true, "L": 25.81988897471611}