{"done": true, "timestep": [20000000, 20000000], "accepted_moves": [18879823, 18033453], "rejected_moves": [1120177, 1966547], "acceptance_ratio": [0.94399115, 0.90167265], "tps": [5433.44, 5408.1805], "energy": [-9.883321265295695, -24.245313709074484], "phase_1": true, "phase_2": true, "L": 31.622776601683793}