{"done": true, "timestep": [20000000, 20000000], "accepted_moves": [15110971, 2693950], "rejected_moves": [4889029, 17306050], "acceptance_ratio": [0.75554855, 0.1346975], "tps": [2768.658, 2364.4885], "energy": [8.008146500600684, -274.86114420412616], "phase_1": true, "phase_2": true, "L": 15.811388300841896}