{"done": true, "timestep": [20000000, 20000000], "accepted_moves": [16474662, 15272329], "rejected_moves": [3525338, 4727671], "acceptance_ratio": [0.8237331, 0.76361645], "tps": [3222.847, 3208.512], "energy": [-27.10508383930692, -57.14031832370706], "phase_1": true, "phase_2": true, "L": 18.257418583505537}