{"done": true, "timestep": [20000000, 20000000], "accepted_moves": [17718211, 15661155], "rejected_moves": [2281789, 4338845], "acceptance_ratio": [0.88591055, 0.78305775], "tps": [3960.785, 3924.5105], "energy": [-32.61923916246394, -51.22650771963555], "phase_1": true, "phase_2": true, "L": 22.360679774997898}