{"done": true, "timestep": [20000000, 20000000], "accepted_moves": [17105061, 12747866], "rejected_moves": [2894939, 7252134], "acceptance_ratio": [0.85525305, 0.6373933], "tps": [3634.041, 3501.452], "energy": [8.051543228433534, -78.20821383699683], "phase_1": true, "phase_2": true, "L": 20.0}