{"done": true, "timestep": [20000000, 20000000], "accepted_moves": [18313173, 12723890], "rejected_moves": [1686827, 7276110], "acceptance_ratio": [0.91565865, 0.6361945], "tps": [4435.825, 4221.282], "energy": [-5.7688646609075676, -83.64046076431995], "phase_1": true, "phase_2": true, "L": 25.81988897471611}