{"done": true, "timestep": [20000000, 20000000], "accepted_moves": [17718211, 16518458], "rejected_moves": [2281789, 3481542], "acceptance_ratio": [0.88591055, 0.8259229], "tps": [4119.243, 4091.0205], "energy": [-32.61923916246394, -41.62189217098366], "phase_1": true, "phase_2": true, "L": 22.360679774997898}