{"done": true, "timestep": [20000000, 20000000], "accepted_moves": [16474662, 2739084], "rejected_moves": [3525338, 17260916], "acceptance_ratio": [0.8237331, 0.1369542], "tps": [3119.981, 2561.004], "energy": [-27.10508383930692, -260.6177027911841], "phase_1": true, "phase_2": true, "L": 18.257418583505537}