{"done": true, "timestep": [20000000, 20000000], "accepted_moves": [15804324, 14417909], "rejected_moves": [4195676, 5582091], "acceptance_ratio": [0.7902162, 0.72089545], "tps": [2921.409, 2923.3450000000003], "energy": [-26.964375605351538, -77.4217925190574], "phase_1": true, "phase_2": true, "L": 16.903085094570333}