{"done": true, "timestep": [20000000, 20000000], "accepted_moves": [14377930, 2689790], "rejected_moves": [5622070, 17310210], "acceptance_ratio": [0.7188965, 0.1344895], "tps": [2456.376, 2186.005], "energy": [40.04629883535849, -267.2640142509023], "phase_1": true, "phase_2": true, "L": 14.907119849998598}