{"done": true, "timestep": [20000000, 20000000], "accepted_moves": [15804324, 13886542], "rejected_moves": [4195676, 6113458], "acceptance_ratio": [0.7902162, 0.6943271], "tps": [2967.425, 2954.148], "energy": [-26.964375605351538, -78.44344547849967], "phase_1": true, "phase_2": true, "L": 16.903085094570333}