{"done": true, "timestep": [20000000, 20000000], "accepted_moves": [15110971, 12572689], "rejected_moves": [4889029, 7427311], "acceptance_ratio": [0.75554855, 0.62863445], "tps": [2711.047, 2697.781], "energy": [8.008146500600684, -102.71072586493102], "phase_1": true, "phase_2": true, "L": 15.811388300841896}