{"done": true, "timestep": [20000000, 20000000], "accepted_moves": [15110971, 9044721], "rejected_moves": [4889029, 10955279], "acceptance_ratio": [0.75554855, 0.45223605], "tps": [2710.161, 2605.398], "energy": [8.008146500600684, -137.56903134576595], "phase_1": true, "phase_2": true, "L": 15.811388300841896}