{"done": true, "timestep": [20000000, 20000000], "accepted_moves": [18313173, 16814313], "rejected_moves": [1686827, 3185687], "acceptance_ratio": [0.91565865, 0.84071565], "tps": [4681.594, 4620.6005000000005], "energy": [-5.7688646609075676, -42.63317386332889], "phase_1": true, "phase_2": true, "L": 25.81988897471611}