{"done": true, "timestep": [20000000, 20000000], "accepted_moves": [18879823, 17729378], "rejected_moves": [1120177, 2270622], "acceptance_ratio": [0.94399115, 0.8864689], "tps": [5509.256, 5452.0355], "energy": [-9.883321265295695, -34.31130439149132], "phase_1": true, "phase_2": true, "L": 31.622776601683793}