{"done": true, "timestep": [20000000, 20000000], "accepted_moves": [14377930, 10890110], "rejected_moves": [5622070, 9109890], "acceptance_ratio": [0.7188965, 0.5445055], "tps": [2514.346, 2509.935], "energy": [40.04629883535849, -125.33932319423707], "phase_1": true, "phase_2": true, "L": 14.907119849998598}