{"done": true, "timestep": [20000000, 20000000], "accepted_moves": [18313173, 17026707], "rejected_moves": [1686827, 2973293], "acceptance_ratio": [0.91565865, 0.85133535], "tps": [4715.132, 4662.5215], "energy": [-5.7688646609075676, -28.562307735211625], "phase_1": true, "phase_2": true, "L": 25.81988897471611}