{"done": true, "timestep": [20000000, 20000000], "accepted_moves": [17105061, 15609723], "rejected_moves": [2894939, 4390277], "acceptance_ratio": [0.85525305, 0.78048615], "tps": [3601.598, 3580.038], "energy": [8.051543228433534, -54.255703374274546], "phase_1": true, "phase_2": true, "L": 20.0}