{"done": true, "timestep": [20000000, 20000000], "accepted_moves": [14377930, 12532968], "rejected_moves": [5622070, 7467032], "acceptance_ratio": [0.7188965, 0.6266484], "tps": [2496.782, 2495.8415], "energy": [40.04629883535849, -99.89131525139186], "phase_1": true, "phase_2": true, "L": 14.907119849998598}