{"done": true, "phase_1": true, "phase_2": true, "timestep": [10000000, 200000000], "accepted_moves": [6982788, 163427027], "rejected_moves": [3017212, 36572973], "acceptance_ratio": [0.6982788, 0.817135135], "tps": [2113.565, 2051.0655], "energy": [2.3656033583966125e+17, 23591758869.684616], "L": 14.14213562373095}