{"done": true, "timestep": [20000000, 20000000], "accepted_moves": [16474662, 12009103], "rejected_moves": [3525338, 7990897], "acceptance_ratio": [0.8237331, 0.60045515], "tps": [3309.979, 3246.048], "energy": [-27.10508383930692, -89.57815284357858], "phase_1": true, "phase_2": true, "L": 18.257418583505537}