{"done": true, "timestep": [20000000, 20000000], "accepted_moves": [17718211, 6445061], "rejected_moves": [2281789, 13554939], "acceptance_ratio": [0.88591055, 0.32225305], "tps": [3995.284, 3243.5389999999998], "energy": [-32.61923916246394, -191.14135643833498], "phase_1": true, "phase_2": true, "L": 22.360679774997898}