{"done": true, "timestep": [20000000, 20000000], "accepted_moves": [15110971, 12882769], "rejected_moves": [4889029, 7117231], "acceptance_ratio": [0.75554855, 0.64413845], "tps": [2713.187, 2700.8805], "energy": [8.008146500600684, -87.56794933484517], "phase_1": true, "phase_2": true, "L": 15.811388300841896}