{"done": true, "timestep": [20000000, 20000000], "accepted_moves": [14377930, 11413265], "rejected_moves": [5622070, 8586735], "acceptance_ratio": [0.7188965, 0.57066325], "tps": [2510.457, 2496.2290000000003], "energy": [40.04629883535849, -123.7096613918635], "phase_1": true, "phase_2": true, "L": 14.907119849998598}