{"done": true, "timestep": [20000000, 20000000], "accepted_moves": [16474662, 14866258], "rejected_moves": [3525338, 5133742], "acceptance_ratio": [0.8237331, 0.7433129], "tps": [3161.408, 3161.385], "energy": [-27.10508383930692, -69.33521091247268], "phase_1": true, "phase_2": true, "L": 18.257418583505537}