{"done": true, "timestep": [20000000, 20000000], "accepted_moves": [17105061, 15420967], "rejected_moves": [2894939, 4579033], "acceptance_ratio": [0.85525305, 0.77104835], "tps": [3606.373, 3576.8095000000003], "energy": [8.051543228433534, -40.40031289569364], "phase_1": true, "phase_2": true, "L": 20.0}