{"done": true, "timestep": [20000000, 20000000], "accepted_moves": [18879823, 18212764], "rejected_moves": [1120177, 1787236], "acceptance_ratio": [0.94399115, 0.9106382], "tps": [5427.882, 5415.4115], "energy": [-9.883321265295695, -19.89182557196563], "phase_1": true, "phase_2": true, "L": 31.622776601683793}