{"done": true, "timestep": [20000000, 20000000], "accepted_moves": [15804324, 14098236], "rejected_moves": [4195676, 5901764], "acceptance_ratio": [0.7902162, 0.7049118], "tps": [2993.448, 2983.1115], "energy": [-26.964375605351538, -74.7256161907345], "phase_1": true, "phase_2": true, "L": 16.903085094570333}