{"done": true, "timestep": [20000000, 20000000], "accepted_moves": [18879823, 17221254], "rejected_moves": [1120177, 2778746], "acceptance_ratio": [0.94399115, 0.8610627], "tps": [5315.402, 5260.0545], "energy": [-9.883321265295695, -25.306846968673103], "phase_1": true, "phase_2": true, "L": 31.622776601683793}