{"done": true, "timestep": [20000000, 20000000], "accepted_moves": [14377930, 12956771], "rejected_moves": [5622070, 7043229], "acceptance_ratio": [0.7188965, 0.64783855], "tps": [2511.656, 2509.4725], "energy": [40.04629883535849, -90.14607998730676], "phase_1": true, "phase_2": true, "L": 14.907119849998598}