{"done": true, "timestep": [20000000, 20000000], "accepted_moves": [15804324, 14269382], "rejected_moves": [4195676, 5730618], "acceptance_ratio": [0.7902162, 0.7134691], "tps": [2950.292, 2947.761], "energy": [-26.964375605351538, -74.96692917190117], "phase_1": true, "phase_2": true, "L": 16.903085094570333}