{"done": true, "timestep": [20000000, 20000000], "accepted_moves": [16474662, 14079529], "rejected_moves": [3525338, 5920471], "acceptance_ratio": [0.8237331, 0.70397645], "tps": [3215.59, 3189.284], "energy": [-27.10508383930692, -68.50118729127104], "phase_1": true, "phase_2": true, "L": 18.257418583505537}