{"done": true, "timestep": [20000000, 20000000], "accepted_moves": [17105061, 15172199], "rejected_moves": [2894939, 4827801], "acceptance_ratio": [0.85525305, 0.75860995], "tps": [3569.156, 3536.8509999999997], "energy": [8.051543228433534, -51.56167999464478], "phase_1": true, "phase_2": true, "L": 20.0}