{"done": true, "timestep": [20000000, 20000000], "accepted_moves": [18313173, 17420295], "rejected_moves": [1686827, 2579705], "acceptance_ratio": [0.91565865, 0.87101475], "tps": [4220.879, 4210.893], "energy": [-5.7688646609075676, -21.649651879083674], "phase_1": true, "phase_2": true, "L": 25.81988897471611}