{"done": true, "timestep": [20000000, 20000000], "accepted_moves": [14377930, 12339819], "rejected_moves": [5622070, 7660181], "acceptance_ratio": [0.7188965, 0.61699095], "tps": [2479.427, 2478.6435], "energy": [40.04629883535849, -110.93284274175804], "phase_1": true, "phase_2": true, "L": 14.907119849998598}