{"done": true, "timestep": [20000000, 20000000], "accepted_moves": [18879823, 14259667], "rejected_moves": [1120177, 5740333], "acceptance_ratio": [0.94399115, 0.71298335], "tps": [5535.437, 5115.214], "energy": [-9.883321265295695, -47.90769914644972], "phase_1": true, "phase_2": true, "L": 31.622776601683793}