{"done": true, "timestep": [20000000, 20000000], "accepted_moves": [17718211, 11596917], "rejected_moves": [2281789, 8403083], "acceptance_ratio": [0.88591055, 0.57984585], "tps": [4069.565, 3787.8355], "energy": [-32.61923916246394, -94.1349773496118], "phase_1": true, "phase_2": true, "L": 22.360679774997898}