{"done": true, "phase_1": true, "phase_2": true, "timestep": [10000000, 200000000], "accepted_moves": [6983724, 159534369], "rejected_moves": [3016276, 40465631], "acceptance_ratio": [0.6983724, 0.797671845], "tps": [3315.525, 2999.849], "energy": [206116642911661.47, 1.6272417486383756e+21], "L": 14.14213562373095}