{"done": true, "timestep": [20000000, 20000000], "accepted_moves": [18313173, 6594191], "rejected_moves": [1686827, 13405809], "acceptance_ratio": [0.91565865, 0.32970955], "tps": [4754.274, 3726.1450000000004], "energy": [-5.7688646609075676, -179.45284569828235], "phase_1": true, "phase_2": true, "L": 25.81988897471611}