{"done": true, "timestep": [20000000, 20000000], "accepted_moves": [15804324, 13324038], "rejected_moves": [4195676, 6675962], "acceptance_ratio": [0.7902162, 0.6662019], "tps": [2890.894, 2877.4975], "energy": [-26.964375605351538, -94.55881505126797], "phase_1": true, "phase_2": true, "L": 16.903085094570333}