{"done": true, "timestep": [20000000, 20000000], "accepted_moves": [18879823, 7620329], "rejected_moves": [1120177, 12379671], "acceptance_ratio": [0.94399115, 0.38101645], "tps": [5488.423, 4102.053], "energy": [-9.883321265295695, -161.27514954054507], "phase_1": true, "phase_2": true, "L": 31.622776601683793}