{"done": true, "timestep": [20000000, 20000000], "accepted_moves": [14377930, 8588422], "rejected_moves": [5622070, 11411578], "acceptance_ratio": [0.7188965, 0.4294211], "tps": [2522.82, 2455.4145], "energy": [40.04629883535849, -147.99117724646726], "phase_1": true, "phase_2": true, "L": 14.907119849998598}