{"done": true, "timestep": [20000000, 20000000], "accepted_moves": [18313173, 16553390], "rejected_moves": [1686827, 3446610], "acceptance_ratio": [0.91565865, 0.8276695], "tps": [4653.57, 4583.9895], "energy": [-5.7688646609075676, -45.54599166854087], "phase_1": true, "phase_2": true, "L": 25.81988897471611}