{"done": true, "timestep": [20000000, 20000000], "accepted_moves": [18313173, 16165732], "rejected_moves": [1686827, 3834268], "acceptance_ratio": [0.91565865, 0.8082866], "tps": [4537.514, 4476.5825], "energy": [-5.7688646609075676, -38.686210594818085], "phase_1": true, "phase_2": true, "L": 25.81988897471611}