{"done": true, "timestep": [20000000, 20000000], "accepted_moves": [17718211, 16206682], "rejected_moves": [2281789, 3793318], "acceptance_ratio": [0.88591055, 0.8103341], "tps": [4003.231, 3973.981], "energy": [-32.61923916246394, -44.1152162651063], "phase_1": true, "phase_2": true, "L": 22.360679774997898}