{"done": true, "timestep": [20000000, 20000000], "accepted_moves": [17718211, 15986260], "rejected_moves": [2281789, 4013740], "acceptance_ratio": [0.88591055, 0.799313], "tps": [4041.009, 4011.3540000000003], "energy": [-32.61923916246394, -57.0327732887938], "phase_1": true, "phase_2": true, "L": 22.360679774997898}