{"done": true, "timestep": [20000000, 20000000], "accepted_moves": [15804324, 2783976], "rejected_moves": [4195676, 17216024], "acceptance_ratio": [0.7902162, 0.1391988], "tps": [2961.313, 2497.244], "energy": [-26.964375605351538, -255.52444253315886], "phase_1": true, "phase_2": true, "L": 16.903085094570333}