{"done": true, "timestep": [20000000, 20000000], "accepted_moves": [17718211, 2834190], "rejected_moves": [2281789, 17165810], "acceptance_ratio": [0.88591055, 0.1417095], "tps": [4046.815, 3137.2525], "energy": [-32.61923916246394, -242.6687193268701], "phase_1": true, "phase_2": true, "L": 22.360679774997898}