{"done": true, "timestep": [20000000, 20000000], "accepted_moves": [17718211, 16649268], "rejected_moves": [2281789, 3350732], "acceptance_ratio": [0.88591055, 0.8324634], "tps": [4030.817, 4019.5865000000003], "energy": [-32.61923916246394, -44.17904971731572], "phase_1": true, "phase_2": true, "L": 22.360679774997898}