{"done": true, "phase_1": true, "phase_2": true, "timestep": [10000000, 200000000], "accepted_moves": [6989040, 158363068], "rejected_moves": [3010960, 41636932], "acceptance_ratio": [0.698904, 0.79181534], "tps": [2140.667, 2088.5885], "energy": [794662709.2364516, 8770676.404119108], "L": 14.14213562373095}