{"done": true, "timestep": [20000000, 20000000], "accepted_moves": [16474662, 5839794], "rejected_moves": [3525338, 14160206], "acceptance_ratio": [0.8237331, 0.2919897], "tps": [3179.425, 2692.384], "energy": [-27.10508383930692, -189.66382256687783], "phase_1": true, "phase_2": true, "L": 18.257418583505537}