{"done": true, "timestep": [20000000, 20000000], "accepted_moves": [15804324, 11302928], "rejected_moves": [4195676, 8697072], "acceptance_ratio": [0.7902162, 0.5651464], "tps": [2838.904, 2780.654], "energy": [-26.964375605351538, -100.09890677603096], "phase_1": true, "phase_2": true, "L": 16.903085094570333}