{"done": true, "timestep": [20000000, 20000000], "accepted_moves": [18879823, 18127510], "rejected_moves": [1120177, 1872490], "acceptance_ratio": [0.94399115, 0.9063755], "tps": [5587.892, 5560.734], "energy": [-9.883321265295695, -18.956794287063556], "phase_1": true, "phase_2": true, "L": 31.622776601683793}