{"done": true, "timestep": [20000000, 20000000], "accepted_moves": [16474662, 14403961], "rejected_moves": [3525338, 5596039], "acceptance_ratio": [0.8237331, 0.72019805], "tps": [3248.079, 3227.4880000000003], "energy": [-27.10508383930692, -65.40523922628793], "phase_1": true, "phase_2": true, "L": 18.257418583505537}