{"done": true, "timestep": [20000000, 20000000], "accepted_moves": [14377930, 11813672], "rejected_moves": [5622070, 8186328], "acceptance_ratio": [0.7188965, 0.5906836], "tps": [2498.744, 2493.395], "energy": [40.04629883535849, -103.35311265158109], "phase_1": true, "phase_2": true, "L": 14.907119849998598}