{"done": true, "timestep": [20000000, 20000000], "accepted_moves": [18313173, 3039614], "rejected_moves": [1686827, 16960386], "acceptance_ratio": [0.91565865, 0.1519807], "tps": [4676.297, 3592.7259999999997], "energy": [-5.7688646609075676, -226.33338771073585], "phase_1": true, "phase_2": true, "L": 25.81988897471611}