{"done": true, "timestep": [20000000, 20000000], "accepted_moves": [18879823, 16738955], "rejected_moves": [1120177, 3261045], "acceptance_ratio": [0.94399115, 0.83694775], "tps": [5542.069, 5388.6065], "energy": [-9.883321265295695, -38.96266048931684], "phase_1": true, "phase_2": true, "L": 31.622776601683793}