{"done": true, "timestep": [20000000, 20000000], "accepted_moves": [15110971, 13628709], "rejected_moves": [4889029, 6371291], "acceptance_ratio": [0.75554855, 0.68143545], "tps": [2725.161, 2718.0825], "energy": [8.008146500600684, -69.7254489337859], "phase_1": true, "phase_2": true, "L": 15.811388300841896}