{"done": true, "timestep": [20000000, 20000000], "accepted_moves": [15804324, 9536985], "rejected_moves": [4195676, 10463015], "acceptance_ratio": [0.7902162, 0.47684925], "tps": [2909.62, 2765.7015], "energy": [-26.964375605351538, -132.13328605400451], "phase_1": true, "phase_2": true, "L": 16.903085094570333}