{"done": true, "timestep": [20000000, 20000000], "accepted_moves": [14377930, 10052179], "rejected_moves": [5622070, 9947821], "acceptance_ratio": [0.7188965, 0.50260895], "tps": [2503.868, 2484.42], "energy": [40.04629883535849, -130.3722214878012], "phase_1": true, "phase_2": true, "L": 14.907119849998598}