{"done": true, "timestep": [20000000, 20000000], "accepted_moves": [18313173, 15596775], "rejected_moves": [1686827, 4403225], "acceptance_ratio": [0.91565865, 0.77983875], "tps": [4729.994, 4604.466], "energy": [-5.7688646609075676, -46.080747763427496], "phase_1": true, "phase_2": true, "L": 25.81988897471611}