{"done": true, "timestep": [20000000, 20000000], "accepted_moves": [14377930, 5376724], "rejected_moves": [5622070, 14623276], "acceptance_ratio": [0.7188965, 0.2688362], "tps": [2527.238, 2294.5855], "energy": [40.04629883535849, -207.22191490773707], "phase_1": true, "phase_2": true, "L": 14.907119849998598}