{"done": true, "phase_1": true, "phase_2": true, "timestep": [10000000, 200000000], "accepted_moves": [6987654, 156862436], "rejected_moves": [3012346, 43137564], "acceptance_ratio": [0.6987654, 0.78431218], "tps": [2086.783, 2071.7929999999997], "energy": [460331.2409771622, 40442010250.14966], "L": 14.14213562373095}