{"done": true, "timestep": [20000000, 20000000], "accepted_moves": [17105061, 10776148], "rejected_moves": [2894939, 9223852], "acceptance_ratio": [0.85525305, 0.5388074], "tps": [3625.963, 3381.6455], "energy": [8.051543228433534, -96.86751400795902], "phase_1": true, "phase_2": true, "L": 20.0}