{"done": true, "timestep": [20000000, 20000000], "accepted_moves": [18879823, 15939445], "rejected_moves": [1120177, 4060555], "acceptance_ratio": [0.94399115, 0.79697225], "tps": [5538.879, 5325.3705], "energy": [-9.883321265295695, -36.514090763515846], "phase_1": true, "phase_2": true, "L": 31.622776601683793}