{"done": true, "timestep": [20000000, 20000000], "accepted_moves": [15110971, 13761198], "rejected_moves": [4889029, 6238802], "acceptance_ratio": [0.75554855, 0.6880599], "tps": [2738.949, 2738.3], "energy": [8.008146500600684, -88.64803012073855], "phase_1": true, "phase_2": true, "L": 15.811388300841896}