{"done": true, "timestep": [20000000, 20000000], "accepted_moves": [18879823, 3225926], "rejected_moves": [1120177, 16774074], "acceptance_ratio": [0.94399115, 0.1612963], "tps": [5444.762, 4006.058], "energy": [-9.883321265295695, -224.30565017777846], "phase_1": true, "phase_2": true, "L": 31.622776601683793}