{"done": true, "phase_1": true, "phase_2": true, "timestep": [10000000, 200000000], "accepted_moves": [6987057, 155769705], "rejected_moves": [3012943, 44230295], "acceptance_ratio": [0.6987057, 0.778848525], "tps": [2121.149, 2102.3355], "energy": [42005649999.73134, 824416460.925161], "L": 14.14213562373095}