{"done": true, "timestep": [20000000, 20000000], "accepted_moves": [14377930, 12702318], "rejected_moves": [5622070, 7297682], "acceptance_ratio": [0.7188965, 0.6351159], "tps": [2524.837, 2523.2799999999997], "energy": [40.04629883535849, -107.01549449393005], "phase_1": true, "phase_2": true, "L": 14.907119849998598}