{"done": true, "timestep": [20000000, 20000000], "accepted_moves": [17105061, 16011376], "rejected_moves": [2894939, 3988624], "acceptance_ratio": [0.85525305, 0.8005688], "tps": [3581.291, 3573.3195], "energy": [8.051543228433534, -57.090769626988376], "phase_1": true, "phase_2": true, "L": 20.0}