{"done": true, "timestep": [20000000, 20000000], "accepted_moves": [15110971, 12159543], "rejected_moves": [4889029, 7840457], "acceptance_ratio": [0.75554855, 0.60797715], "tps": [2687.152, 2669.725], "energy": [8.008146500600684, -102.06715239241272], "phase_1": true, "phase_2": true, "L": 15.811388300841896}