{"done": true, "timestep": [20000000, 20000000], "accepted_moves": [15804324, 5597629], "rejected_moves": [4195676, 14402371], "acceptance_ratio": [0.7902162, 0.27988145], "tps": [2955.125, 2557.877], "energy": [-26.964375605351538, -190.08416383911793], "phase_1": true, "phase_2": true, "L": 16.903085094570333}