{"done": true, "timestep": [20000000, 20000000], "accepted_moves": [16474662, 14657434], "rejected_moves": [3525338, 5342566], "acceptance_ratio": [0.8237331, 0.7328717], "tps": [3259.284, 3243.745], "energy": [-27.10508383930692, -68.67835236975847], "phase_1": true, "phase_2": true, "L": 18.257418583505537}