{"done": true, "timestep": [20000000, 20000000], "accepted_moves": [16474662, 13628642], "rejected_moves": [3525338, 6371358], "acceptance_ratio": [0.8237331, 0.6814321], "tps": [3281.537, 3236.584], "energy": [-27.10508383930692, -77.56068462312115], "phase_1": true, "phase_2": true, "L": 18.257418583505537}