{"done": true, "timestep": [20000000, 20000000], "accepted_moves": [17718211, 13595795], "rejected_moves": [2281789, 6404205], "acceptance_ratio": [0.88591055, 0.67978975], "tps": [4001.72, 3873.923], "energy": [-32.61923916246394, -68.37793505816234], "phase_1": true, "phase_2": true, "L": 22.360679774997898}