{"done": true, "phase_1": true, "phase_2": true, "timestep": [10000000, 200000000], "accepted_moves": [6990672, 156092229], "rejected_moves": [3009328, 43907771], "acceptance_ratio": [0.6990672, 0.780461145], "tps": [3246.287, 3015.9565000000002], "energy": [3937155071.917157, 164686480358660.38], "L": 14.14213562373095}