{"done": true, "timestep": [20000000, 20000000], "accepted_moves": [17105061, 14854992], "rejected_moves": [2894939, 5145008], "acceptance_ratio": [0.85525305, 0.7427496], "tps": [3606.312, 3565.2844999999998], "energy": [8.051543228433534, -58.09335140461387], "phase_1": true, "phase_2": true, "L": 20.0}