{"done": true, "phase_1": true, "phase_2": true, "timestep": [10000000, 200000000], "accepted_moves": [6988668, 166500116], "rejected_moves": [3011332, 33499884], "acceptance_ratio": [0.6988668, 0.83250058], "tps": [3305.265, 2958.5905000000002], "energy": [75185555618.02356, 9930467640.594585], "L": 14.14213562373095}