{"done": true, "timestep": [20000000, 20000000], "accepted_moves": [18879823, 17513868], "rejected_moves": [1120177, 2486132], "acceptance_ratio": [0.94399115, 0.8756934], "tps": [5574.607, 5486.0015], "energy": [-9.883321265295695, -28.93613177973981], "phase_1": true, "phase_2": true, "L": 31.622776601683793}