{"done": true, "timestep": [20000000, 20000000], "accepted_moves": [15110971, 13321000], "rejected_moves": [4889029, 6679000], "acceptance_ratio": [0.75554855, 0.66605], "tps": [2741.348, 2732.6549999999997], "energy": [8.008146500600684, -79.79631013348897], "phase_1": true, "phase_2": true, "L": 15.811388300841896}