{"done": true, "phase_1": true, "phase_2": true, "timestep": [10000000, 200000000], "accepted_moves": [6987827, 157502738], "rejected_moves": [3012173, 42497262], "acceptance_ratio": [0.6987827, 0.78751369], "tps": [2116.105, 2082.103], "energy": [9774671584.35564, 3745215890.4511576], "L": 14.14213562373095}