{"done": true, "timestep": [20000000, 20000000], "accepted_moves": [15110971, 13496870], "rejected_moves": [4889029, 6503130], "acceptance_ratio": [0.75554855, 0.6748435], "tps": [2572.483, 2576.4635], "energy": [8.008146500600684, -88.78640114386695], "phase_1": true, "phase_2": true, "L": 15.811388300841896}