{"done": true, "phase_1": true, "phase_2": true, "timestep": [10000000, 200000000], "accepted_moves": [6988110, 161141720], "rejected_moves": [3011890, 38858280], "acceptance_ratio": [0.698811, 0.8057086], "tps": [2123.841, 2067.219], "energy": [479842916269.8719, 2892270455.7670937], "L": 14.14213562373095}