{"done": true, "timestep": [20000000, 20000000], "accepted_moves": [17718211, 16390720], "rejected_moves": [2281789, 3609280], "acceptance_ratio": [0.88591055, 0.819536], "tps": [4101.106, 4075.821], "energy": [-32.61923916246394, -42.61459980498411], "phase_1": true, "phase_2": true, "L": 22.360679774997898}