{"done": true, "phase_1": true, "phase_2": true, "timestep": [10000000, 200000000], "accepted_moves": [6985259, 156454995], "rejected_moves": [3014741, 43545005], "acceptance_ratio": [0.6985259, 0.782274975], "tps": [2130.868, 2100.721], "energy": [5480221130.538944, 8003619.565144567], "L": 14.14213562373095}