{"done": true, "timestep": [20000000, 20000000], "accepted_moves": [16474662, 15032286], "rejected_moves": [3525338, 4967714], "acceptance_ratio": [0.8237331, 0.7516143], "tps": [3236.04, 3224.0280000000002], "energy": [-27.10508383930692, -65.72759545328566], "phase_1": true, "phase_2": true, "L": 18.257418583505537}