{"done": true, "timestep": [20000000, 20000000], "accepted_moves": [17105061, 2855671], "rejected_moves": [2894939, 17144329], "acceptance_ratio": [0.85525305, 0.14278355], "tps": [3562.956, 2872.522], "energy": [8.051543228433534, -245.80684371150463], "phase_1": true, "phase_2": true, "L": 20.0}