{"done": true, "timestep": [20000000, 20000000], "accepted_moves": [16474662, 15161527], "rejected_moves": [3525338, 4838473], "acceptance_ratio": [0.8237331, 0.75807635], "tps": [3317.394, 3303.383], "energy": [-27.10508383930692, -61.53082679690168], "phase_1": true, "phase_2": true, "L": 18.257418583505537}