{"done": true, "timestep": [20000000, 20000000], "accepted_moves": [16474662, 13002966], "rejected_moves": [3525338, 6997034], "acceptance_ratio": [0.8237331, 0.6501483], "tps": [3117.951, 3091.2315], "energy": [-27.10508383930692, -78.5828083526099], "phase_1": true, "phase_2": true, "L": 18.257418583505537}