{"done": true, "timestep": [20000000, 20000000], "accepted_moves": [15804324, 12251443], "rejected_moves": [4195676, 7748557], "acceptance_ratio": [0.7902162, 0.61257215], "tps": [2984.856, 2938.3175], "energy": [-26.964375605351538, -86.66714030123455], "phase_1": true, "phase_2": true, "L": 16.903085094570333}