{"done": true, "timestep": [20000000, 20000000], "accepted_moves": [18313173, 14635680], "rejected_moves": [1686827, 5364320], "acceptance_ratio": [0.91565865, 0.731784], "tps": [4597.39, 4435.391], "energy": [-5.7688646609075676, -46.405052053227365], "phase_1": true, "phase_2": true, "L": 25.81988897471611}