{"done": true, "timestep": [20000000, 20000000], "accepted_moves": [18879823, 17903204], "rejected_moves": [1120177, 2096796], "acceptance_ratio": [0.94399115, 0.8951602], "tps": [5140.568, 5142.493], "energy": [-9.883321265295695, -19.00431672758611], "phase_1": true, "phase_2": true, "L": 31.622776601683793}