{"done": true, "timestep": [20000000, 20000000], "accepted_moves": [17105061, 15913933], "rejected_moves": [2894939, 4086067], "acceptance_ratio": [0.85525305, 0.79569665], "tps": [3608.638, 3592.7780000000002], "energy": [8.051543228433534, -50.614309651240454], "phase_1": true, "phase_2": true, "L": 20.0}