{"done": true, "timestep": [20000000, 20000000], "accepted_moves": [17105061, 6049031], "rejected_moves": [2894939, 13950969], "acceptance_ratio": [0.85525305, 0.30245155], "tps": [3461.974, 2881.136], "energy": [8.051543228433534, -185.92883350400584], "phase_1": true, "phase_2": true, "L": 20.0}