{"done": true, "timestep": [20000000, 20000000], "accepted_moves": [17105061, 13775987], "rejected_moves": [2894939, 6224013], "acceptance_ratio": [0.85525305, 0.68879935], "tps": [3587.758, 3509.4695], "energy": [8.051543228433534, -77.62845411386144], "phase_1": true, "phase_2": true, "L": 20.0}