{"done": true, "timestep": [20000000, 20000000], "accepted_moves": [18313173, 17177802], "rejected_moves": [1686827, 2822198], "acceptance_ratio": [0.91565865, 0.8588901], "tps": [4692.499, 4647.536], "energy": [-5.7688646609075676, -22.981329474352812], "phase_1": true, "phase_2": true, "L": 25.81988897471611}