{"done": true, "timestep": [20000000, 20000000], "accepted_moves": [14377930, 12831035], "rejected_moves": [5622070, 7168965], "acceptance_ratio": [0.7188965, 0.64155175], "tps": [2495.074, 2494.0575], "energy": [40.04629883535849, -87.91278246882007], "phase_1": true, "phase_2": true, "L": 14.907119849998598}