{"done": true, "timestep": [20000000, 20000000], "accepted_moves": [15804324, 12898345], "rejected_moves": [4195676, 7101655], "acceptance_ratio": [0.7902162, 0.64491725], "tps": [2920.882, 2895.3665], "energy": [-26.964375605351538, -96.53621892482533], "phase_1": true, "phase_2": true, "L": 16.903085094570333}