{"done": true, "timestep": [20000000, 20000000], "accepted_moves": [17718211, 16768055], "rejected_moves": [2281789, 3231945], "acceptance_ratio": [0.88591055, 0.83840275], "tps": [4048.878, 4040.062], "energy": [-32.61923916246394, -44.56499573430587], "phase_1": true, "phase_2": true, "L": 22.360679774997898}