{"done": true, "timestep": [20000000, 20000000], "accepted_moves": [15110971, 13125786], "rejected_moves": [4889029, 6874214], "acceptance_ratio": [0.75554855, 0.6562893], "tps": [2717.222, 2706.987], "energy": [8.008146500600684, -92.11334755142627], "phase_1": true, "phase_2": true, "L": 15.811388300841896}