{"done": true, "timestep": [20000000, 20000000], "accepted_moves": [15110971, 10670677], "rejected_moves": [4889029, 9329323], "acceptance_ratio": [0.75554855, 0.53353385], "tps": [2703.721, 2651.77], "energy": [8.008146500600684, -113.59284812279495], "phase_1": true, "phase_2": true, "L": 15.811388300841896}