{"done": true, "timestep": [20000000, 20000000], "accepted_moves": [17718211, 14632797], "rejected_moves": [2281789, 5367203], "acceptance_ratio": [0.88591055, 0.73163985], "tps": [4110.453, 4027.7920000000004], "energy": [-32.61923916246394, -54.28268549329131], "phase_1": true, "phase_2": true, "L": 22.360679774997898}