{"done": true, "timestep": [20000000, 20000000], "accepted_moves": [15804324, 13646055], "rejected_moves": [4195676, 6353945], "acceptance_ratio": [0.7902162, 0.68230275], "tps": [2816.277, 2824.7395], "energy": [-26.964375605351538, -71.24144619866738], "phase_1": true, "phase_2": true, "L": 16.903085094570333}