{"done": true, "timestep": [20000000, 20000000], "accepted_moves": [16474662, 10114556], "rejected_moves": [3525338, 9885444], "acceptance_ratio": [0.8237331, 0.5057278], "tps": [3244.422, 3095.2675], "energy": [-27.10508383930692, -107.2058585852012], "phase_1": true, "phase_2": true, "L": 18.257418583505537}