{"done": true, "timestep": [20000000, 20000000], "accepted_moves": [14377930, 12108852], "rejected_moves": [5622070, 7891148], "acceptance_ratio": [0.7188965, 0.6054426], "tps": [2540.745, 2532.529], "energy": [40.04629883535849, -92.21993741721569], "phase_1": true, "phase_2": true, "L": 14.907119849998598}