{"done": true, "timestep": [20000000, 20000000], "accepted_moves": [18313173, 17516643], "rejected_moves": [1686827, 2483357], "acceptance_ratio": [0.91565865, 0.87583215], "tps": [4683.691, 4661.284], "energy": [-5.7688646609075676, -18.177660465237334], "phase_1": true, "phase_2": true, "L": 25.81988897471611}