{"done": true, "timestep": [20000000, 20000000], "accepted_moves": [18879823, 18275657], "rejected_moves": [1120177, 1724343], "acceptance_ratio": [0.94399115, 0.91378285], "tps": [5493.993, 5458.445], "energy": [-9.883321265295695, -15.993151682345111], "phase_1": true, "phase_2": true, "L": 31.622776601683793}