{"done": true, "timestep": [20000000, 20000000], "accepted_moves": [17105061, 14416665], "rejected_moves": [2894939, 5583335], "acceptance_ratio": [0.85525305, 0.72083325], "tps": [3556.215, 3507.6040000000003], "energy": [8.051543228433534, -54.63579757418862], "phase_1": true, "phase_2": true, "L": 20.0}