{"done": true, "timestep": [20000000, 20000000], "accepted_moves": [15804324, 14522585], "rejected_moves": [4195676, 5477415], "acceptance_ratio": [0.7902162, 0.72612925], "tps": [2976.682, 2970.212], "energy": [-26.964375605351538, -74.60514162715492], "phase_1": true, "phase_2": true, "L": 16.903085094570333}